step,eval_type,seed,full_reward_rate,standing_rate,fall_count,time_to_first_full
50176,pi,0,0.0000,0.0000,0.0,1000.0
50176,mppi,0,0.0000,0.0000,0.0,1000.0
100096,pi,0,0.0050,0.0050,0.2,876.8
100096,mppi,0,0.0000,0.0000,0.0,1000.0
150016,pi,0,0.0022,0.0022,0.8,827.6
150016,mppi,0,0.0170,0.0170,0.6666666666666666,962.3333333333334
200192,pi,0,0.0140,0.0140,1.8,454.8
200192,mppi,0,0.0137,0.0137,1.0,343.3333333333333
250112,pi,0,0.0242,0.0242,2.0,244.0
250112,mppi,0,0.0927,0.0927,6.0,176.0
