step,eval_type,seed,full_reward_rate,standing_rate,fall_count,time_to_first_full
50176,pi,0,0.0018,0.0452,7.6,334.6
50176,mppi,0,0.0017,0.0470,7.0,150.0
100096,pi,0,0.0008,0.0418,7.2,480.2
100096,mppi,0,0.0100,0.0866,8.666666666666666,348.3333333333333
