step,eval_type,seed,full_reward_rate,standing_rate,fall_count,time_to_first_full
550144,pi,1,0.0272,1.0000,0.0,402.2
550144,mppi,1,0.6817,1.0000,0.0,4.666666666666667
600064,pi,1,0.3864,1.0000,0.0,6.6
600064,mppi,1,0.7300,1.0000,0.0,6.666666666666667
