step,eval_type,seed,full_reward_rate,standing_rate,fall_count,time_to_first_full
50176,pi,3,0.0000,0.0000,0.0,1000.0
50176,mppi,3,0.2787,0.2787,0.6666666666666666,719.6666666666666
