step,eval_type,seed,full_reward_rate,standing_rate,fall_count,time_to_first_full
50176,pi,4,0.0000,0.0000,0.0,1000.0
50176,mppi,4,0.0073,0.0073,0.3333333333333333,810.3333333333334
100096,pi,4,0.0000,0.0000,0.0,1000.0
100096,mppi,4,0.0000,0.0000,0.0,1000.0
