{
  "tag": "gwm_simulator_mechcheck",
  "config": {
    "n_train": 5,
    "n_ood": [
      7,
      9
    ],
    "steps": 6000,
    "episodes": 256,
    "ep_len": 100,
    "seed": 0,
    "batch": 256,
    "lr": 0.0003,
    "d_model": 64,
    "n_layers": 2,
    "n_heads": 4,
    "mono_layers": 2,
    "out": "exp/tdmpc_glass/mechcheck/gwm_simulator_s0.json"
  },
  "ret_standardization": {
    "mean": -121.08068084716797,
    "std": 75.38951110839844
  },
  "param_counts": {
    "graph_entity_wm": 117510,
    "monolithic_wm": 118239,
    "monolithic_hidden": 151,
    "monolithic_target_at_init": 118239,
    "match_ratio_mono_over_graph": 1.0062037273423539
  },
  "train_metrics": {
    "graph": {
      "loss": 0.06769151985645294,
      "q_loss": 0.016428116708993912,
      "reward_loss": 0.01276489906013012,
      "self_loss": 0.03849849849939346
    },
    "monolithic": {
      "loss": 0.8611513376235962,
      "q_loss": 0.2787554860115051,
      "reward_loss": 0.5187749266624451,
      "self_loss": 0.06362094730138779
    }
  },
  "per_n": {
    "5": {
      "n_samples": 25600,
      "frac_contact_steps": 0.062578125,
      "value_decodability_r2": {
        "graph": 0.5265079687752614,
        "monolithic": 0.2879915697876234,
        "raw_obs": 0.25616517327626354
      },
      "contact_conditioned_selfpred": {
        "graph": {
          "contact_step_error": 0.2743479311466217,
          "noncontact_step_error": 0.02554360032081604,
          "n_contact_steps": 1602,
          "n_noncontact_steps": 23998,
          "frac_contact_steps": 0.062578125,
          "overall_error": 0.04111330956220627
        },
        "monolithic": {
          "contact_step_error": 0.2707865238189697,
          "noncontact_step_error": 0.0222557932138443,
          "n_contact_steps": 1602,
          "n_noncontact_steps": 23998,
          "frac_contact_steps": 0.062578125,
          "overall_error": 0.0378083772957325
        }
      },
      "overall_selfpred_error": {
        "graph": 0.04111330956220627,
        "monolithic": 0.0378083772957325
      },
      "reward_r2": {
        "graph": 0.9517804758048887,
        "monolithic": 0.5042988338085376
      },
      "value_relevant_entities": [
        0,
        1,
        2
      ]
    },
    "7": {
      "n_samples": 25600,
      "frac_contact_steps": 0.108359375,
      "value_decodability_r2": {
        "graph": 0.5457921952236271,
        "monolithic": 0.24843129814988074,
        "raw_obs": 0.20128521499973273
      },
      "contact_conditioned_selfpred": {
        "graph": {
          "contact_step_error": 0.19587945938110352,
          "noncontact_step_error": 0.02236476168036461,
          "n_contact_steps": 2774,
          "n_noncontact_steps": 22826,
          "frac_contact_steps": 0.108359375,
          "overall_error": 0.04116670787334442
        },
        "monolithic": {
          "contact_step_error": 0.19137024879455566,
          "noncontact_step_error": 0.019336996600031853,
          "n_contact_steps": 2774,
          "n_noncontact_steps": 22826,
          "frac_contact_steps": 0.108359375,
          "overall_error": 0.037978414446115494
        }
      },
      "overall_selfpred_error": {
        "graph": 0.04116670787334442,
        "monolithic": 0.037978414446115494
      },
      "reward_r2": {
        "graph": 0.8638165410812284,
        "monolithic": 0.40011706142495285
      },
      "value_relevant_entities": [
        0,
        1,
        2
      ]
    },
    "9": {
      "n_samples": 25600,
      "frac_contact_steps": 0.1716015625,
      "value_decodability_r2": {
        "graph": 0.5817112202130434,
        "monolithic": 0.17991456978011178,
        "raw_obs": 0.2308606474888486
      },
      "contact_conditioned_selfpred": {
        "graph": {
          "contact_step_error": 0.148520365357399,
          "noncontact_step_error": 0.02102065458893776,
          "n_contact_steps": 4393,
          "n_noncontact_steps": 21207,
          "frac_contact_steps": 0.1716015625,
          "overall_error": 0.04289980232715607
        },
        "monolithic": {
          "contact_step_error": 0.14519046247005463,
          "noncontact_step_error": 0.018274078145623207,
          "n_contact_steps": 4393,
          "n_noncontact_steps": 21207,
          "frac_contact_steps": 0.1716015625,
          "overall_error": 0.04005312919616699
        }
      },
      "overall_selfpred_error": {
        "graph": 0.04289980232715607,
        "monolithic": 0.04005312919616699
      },
      "reward_r2": {
        "graph": 0.7727979328040335,
        "monolithic": 0.3250300292052537
      },
      "value_relevant_entities": [
        0,
        1,
        2
      ]
    }
  },
  "verdict": {
    "gwm_simulator_go": true,
    "criteria_preregistered": "GO iff (monolithic OOD value-R2 drops >=0.15 below graph's) OR (graph contact-step error <=0.8x monolithic's). NO-GO otherwise -> graph latent redundant on contacts too.",
    "criterion_A_value_decodability": {
      "graph_ood_value_r2": 0.5637517077183353,
      "monolithic_ood_value_r2": 0.21417293396499626,
      "graph_minus_monolithic_gap": 0.349578773753339,
      "threshold": 0.15,
      "passed": true,
      "margin_over_threshold": 0.19957877375333902
    },
    "criterion_B_contact_prediction": {
      "graph_contact_step_error": 0.2743479311466217,
      "monolithic_contact_step_error": 0.2707865238189697,
      "ratio_graph_over_mono": 1.0131520848136184,
      "threshold": 0.8,
      "passed": false,
      "margin_under_threshold": -0.21315208481361836
    },
    "interpretation": "GO: entity/graph latent beats the param-matched monolithic control on compositional-OOD value-decodability and/or contact prediction -> the GWM-as-simulator bet has mechanism support. NO-GO: graph latent is redundant on contacts too -> consistent with the campaign."
  },
  "caveats": [
    "Synthetic elastic disks are NOT real manipulation; controlled proxy only.",
    "Single seed (seed=0); no multi-seed error bars.",
    "Param-match is APPROXIMATE: monolithic flat layers grow with N, matched at N_train only; exact counts reported in param_counts."
  ],
  "wall_time_sec": 220.25252294540405
}