{
  "tag": "gwm_simulator_mechcheck",
  "config": {
    "n_train": 5,
    "n_ood": [
      7,
      9
    ],
    "steps": 6000,
    "episodes": 256,
    "ep_len": 100,
    "seed": 2,
    "batch": 256,
    "lr": 0.0003,
    "d_model": 64,
    "n_layers": 2,
    "n_heads": 4,
    "mono_layers": 2,
    "out": "exp/tdmpc_glass/mechcheck/gwm_simulator_s2.json"
  },
  "ret_standardization": {
    "mean": -125.26471710205078,
    "std": 74.73497772216797
  },
  "param_counts": {
    "graph_entity_wm": 117510,
    "monolithic_wm": 118239,
    "monolithic_hidden": 151,
    "monolithic_target_at_init": 118239,
    "match_ratio_mono_over_graph": 1.0062037273423539
  },
  "train_metrics": {
    "graph": {
      "loss": 0.08678737282752991,
      "q_loss": 0.01905888132750988,
      "reward_loss": 0.021900683641433716,
      "self_loss": 0.045827802270650864
    },
    "monolithic": {
      "loss": 0.8517601490020752,
      "q_loss": 0.2894856035709381,
      "reward_loss": 0.5294307470321655,
      "self_loss": 0.03284385800361633
    }
  },
  "per_n": {
    "5": {
      "n_samples": 25600,
      "frac_contact_steps": 0.064765625,
      "value_decodability_r2": {
        "graph": 0.4974852042635436,
        "monolithic": 0.2512601516960782,
        "raw_obs": 0.21401695849474445
      },
      "contact_conditioned_selfpred": {
        "graph": {
          "contact_step_error": 0.2896515130996704,
          "noncontact_step_error": 0.027493758127093315,
          "n_contact_steps": 1658,
          "n_noncontact_steps": 23942,
          "frac_contact_steps": 0.064765625,
          "overall_error": 0.04447257146239281
        },
        "monolithic": {
          "contact_step_error": 0.2888602316379547,
          "noncontact_step_error": 0.023930910974740982,
          "n_contact_steps": 1658,
          "n_noncontact_steps": 23942,
          "frac_contact_steps": 0.064765625,
          "overall_error": 0.04108922556042671
        }
      },
      "overall_selfpred_error": {
        "graph": 0.04447257146239281,
        "monolithic": 0.04108922556042671
      },
      "reward_r2": {
        "graph": 0.9354881205324594,
        "monolithic": 0.4892128077031743
      },
      "value_relevant_entities": [
        0,
        1,
        2
      ]
    },
    "7": {
      "n_samples": 25600,
      "frac_contact_steps": 0.1071484375,
      "value_decodability_r2": {
        "graph": 0.5420365264422748,
        "monolithic": 0.21254273730590123,
        "raw_obs": 0.22324520148614502
      },
      "contact_conditioned_selfpred": {
        "graph": {
          "contact_step_error": 0.19045959413051605,
          "noncontact_step_error": 0.024105818942189217,
          "n_contact_steps": 2743,
          "n_noncontact_steps": 22857,
          "frac_contact_steps": 0.1071484375,
          "overall_error": 0.041930366307497025
        },
        "monolithic": {
          "contact_step_error": 0.18713325262069702,
          "noncontact_step_error": 0.020013079047203064,
          "n_contact_steps": 2743,
          "n_noncontact_steps": 22857,
          "frac_contact_steps": 0.1071484375,
          "overall_error": 0.03791974484920502
        }
      },
      "overall_selfpred_error": {
        "graph": 0.041930366307497025,
        "monolithic": 0.03791974484920502
      },
      "reward_r2": {
        "graph": 0.7633880899293349,
        "monolithic": 0.34574808295504256
      },
      "value_relevant_entities": [
        0,
        1,
        2
      ]
    },
    "9": {
      "n_samples": 25600,
      "frac_contact_steps": 0.172890625,
      "value_decodability_r2": {
        "graph": 0.5968254831639999,
        "monolithic": 0.21254949215489372,
        "raw_obs": 0.25464300769307835
      },
      "contact_conditioned_selfpred": {
        "graph": {
          "contact_step_error": 0.14753635227680206,
          "noncontact_step_error": 0.022612251341342926,
          "n_contact_steps": 4426,
          "n_noncontact_steps": 21174,
          "frac_contact_steps": 0.172890625,
          "overall_error": 0.04421045631170273
        },
        "monolithic": {
          "contact_step_error": 0.14378230273723602,
          "noncontact_step_error": 0.018841437995433807,
          "n_contact_steps": 4426,
          "n_noncontact_steps": 21174,
          "frac_contact_steps": 0.172890625,
          "overall_error": 0.04044254124164581
        }
      },
      "overall_selfpred_error": {
        "graph": 0.04421045631170273,
        "monolithic": 0.04044254124164581
      },
      "reward_r2": {
        "graph": 0.6108390601049152,
        "monolithic": 0.3530439785351188
      },
      "value_relevant_entities": [
        0,
        1,
        2
      ]
    }
  },
  "verdict": {
    "gwm_simulator_go": true,
    "criteria_preregistered": "GO iff (monolithic OOD value-R2 drops >=0.15 below graph's) OR (graph contact-step error <=0.8x monolithic's). NO-GO otherwise -> graph latent redundant on contacts too.",
    "criterion_A_value_decodability": {
      "graph_ood_value_r2": 0.5694310048031374,
      "monolithic_ood_value_r2": 0.21254611473039747,
      "graph_minus_monolithic_gap": 0.3568848900727399,
      "threshold": 0.15,
      "passed": true,
      "margin_over_threshold": 0.20688489007273989
    },
    "criterion_B_contact_prediction": {
      "graph_contact_step_error": 0.2896515130996704,
      "monolithic_contact_step_error": 0.2888602316379547,
      "ratio_graph_over_mono": 1.002739322949472,
      "threshold": 0.8,
      "passed": false,
      "margin_under_threshold": -0.20273932294947206
    },
    "interpretation": "GO: entity/graph latent beats the param-matched monolithic control on compositional-OOD value-decodability and/or contact prediction -> the GWM-as-simulator bet has mechanism support. NO-GO: graph latent is redundant on contacts too -> consistent with the campaign."
  },
  "caveats": [
    "Synthetic elastic disks are NOT real manipulation; controlled proxy only.",
    "Single seed (seed=2); no multi-seed error bars.",
    "Param-match is APPROXIMATE: monolithic flat layers grow with N, matched at N_train only; exact counts reported in param_counts."
  ],
  "wall_time_sec": 215.4929506778717
}