{
  "tag": "gwm_simulator_mechcheck",
  "config": {
    "n_train": 5,
    "n_ood": [
      7,
      9
    ],
    "steps": 6000,
    "episodes": 256,
    "ep_len": 100,
    "seed": 1,
    "batch": 256,
    "lr": 0.0003,
    "d_model": 64,
    "n_layers": 2,
    "n_heads": 4,
    "mono_layers": 2,
    "mono_mode": "pad",
    "out": "exp/tdmpc_glass/mechcheck/gwm_simulator_PAD_s1.json"
  },
  "ret_standardization": {
    "mean": -128.0905303955078,
    "std": 78.92658996582031
  },
  "param_counts": {
    "graph_entity_wm": 117510,
    "monolithic_wm": 117254,
    "monolithic_hidden": 128,
    "monolithic_target_at_init": 117254,
    "match_ratio_mono_over_graph": 0.9978214620032337
  },
  "train_metrics": {
    "graph": {
      "loss": 0.09329191595315933,
      "q_loss": 0.027588851749897003,
      "reward_loss": 0.021372947841882706,
      "self_loss": 0.04433011636137962
    },
    "monolithic": {
      "loss": 0.15027377009391785,
      "q_loss": 0.08532951027154922,
      "reward_loss": 0.028343241661787033,
      "self_loss": 0.036601029336452484
    }
  },
  "per_n": {
    "5": {
      "n_samples": 25600,
      "frac_contact_steps": 0.065,
      "value_decodability_r2": {
        "graph": 0.5216741932465985,
        "monolithic": 0.41345999131691136,
        "raw_obs": 0.22217929524556967
      },
      "contact_conditioned_selfpred": {
        "graph": {
          "contact_step_error": 0.3008011281490326,
          "noncontact_step_error": 0.028393849730491638,
          "n_contact_steps": 1664,
          "n_noncontact_steps": 23936,
          "frac_contact_steps": 0.065,
          "overall_error": 0.046100322157144547
        },
        "monolithic": {
          "contact_step_error": 0.29692262411117554,
          "noncontact_step_error": 0.026226574555039406,
          "n_contact_steps": 1664,
          "n_noncontact_steps": 23936,
          "frac_contact_steps": 0.065,
          "overall_error": 0.04382181540131569
        }
      },
      "overall_selfpred_error": {
        "graph": 0.046100322157144547,
        "monolithic": 0.04382181540131569
      },
      "reward_r2": {
        "graph": 0.9427899416463977,
        "monolithic": 0.9660905170816697
      },
      "value_relevant_entities": [
        0,
        1,
        2
      ]
    },
    "7": {
      "n_samples": 25600,
      "frac_contact_steps": 0.106953125,
      "value_decodability_r2": {
        "graph": 0.5722278994033425,
        "monolithic": 0.41785560515443887,
        "raw_obs": 0.2627457455061655
      },
      "contact_conditioned_selfpred": {
        "graph": {
          "contact_step_error": 0.203067347407341,
          "noncontact_step_error": 0.024537038058042526,
          "n_contact_steps": 2738,
          "n_noncontact_steps": 22862,
          "frac_contact_steps": 0.106953125,
          "overall_error": 0.043631412088871
        },
        "monolithic": {
          "contact_step_error": 0.19879288971424103,
          "noncontact_step_error": 0.021966667845845222,
          "n_contact_steps": 2738,
          "n_noncontact_steps": 22862,
          "frac_contact_steps": 0.106953125,
          "overall_error": 0.0408787876367569
        }
      },
      "overall_selfpred_error": {
        "graph": 0.043631412088871,
        "monolithic": 0.0408787876367569
      },
      "reward_r2": {
        "graph": 0.7345620561918809,
        "monolithic": 0.9193908304070331
      },
      "value_relevant_entities": [
        0,
        1,
        2
      ]
    },
    "9": {
      "n_samples": 25600,
      "frac_contact_steps": 0.1683203125,
      "value_decodability_r2": {
        "graph": 0.5927443302772275,
        "monolithic": 0.4014725228010223,
        "raw_obs": 0.2549182747748131
      },
      "contact_conditioned_selfpred": {
        "graph": {
          "contact_step_error": 0.15282787382602692,
          "noncontact_step_error": 0.02338235266506672,
          "n_contact_steps": 4309,
          "n_noncontact_steps": 21291,
          "frac_contact_steps": 0.1683203125,
          "overall_error": 0.04517066478729248
        },
        "monolithic": {
          "contact_step_error": 0.14930661022663116,
          "noncontact_step_error": 0.02072891965508461,
          "n_contact_steps": 4309,
          "n_noncontact_steps": 21291,
          "frac_contact_steps": 0.1683203125,
          "overall_error": 0.042371153831481934
        }
      },
      "overall_selfpred_error": {
        "graph": 0.04517066478729248,
        "monolithic": 0.042371153831481934
      },
      "reward_r2": {
        "graph": 0.6729045193426602,
        "monolithic": 0.8662709154913683
      },
      "value_relevant_entities": [
        0,
        1,
        2
      ]
    }
  },
  "verdict": {
    "gwm_simulator_go": true,
    "criteria_preregistered": "GO iff (monolithic OOD value-R2 drops >=0.15 below graph's) OR (graph contact-step error <=0.8x monolithic's). NO-GO otherwise -> graph latent redundant on contacts too.",
    "criterion_A_value_decodability": {
      "graph_ood_value_r2": 0.582486114840285,
      "monolithic_ood_value_r2": 0.4096640639777306,
      "graph_minus_monolithic_gap": 0.17282205086255442,
      "threshold": 0.15,
      "passed": true,
      "margin_over_threshold": 0.022822050862554427
    },
    "criterion_B_contact_prediction": {
      "graph_contact_step_error": 0.3008011281490326,
      "monolithic_contact_step_error": 0.29692262411117554,
      "ratio_graph_over_mono": 1.0130623392187348,
      "threshold": 0.8,
      "passed": false,
      "margin_under_threshold": -0.21306233921873474
    },
    "interpretation": "GO: entity/graph latent beats the param-matched monolithic control on compositional-OOD value-decodability and/or contact prediction -> the GWM-as-simulator bet has mechanism support. NO-GO: graph latent is redundant on contacts too -> consistent with the campaign."
  },
  "caveats": [
    "Synthetic elastic disks are NOT real manipulation; controlled proxy only.",
    "Single seed (seed=1); no multi-seed error bars.",
    "Param-match is APPROXIMATE: monolithic flat layers grow with N, matched at N_train only; exact counts reported in param_counts."
  ],
  "wall_time_sec": 178.85221195220947
}