{
  "tag": "gwm_simulator_mechcheck",
  "config": {
    "n_train": 5,
    "n_ood": [
      7,
      9
    ],
    "steps": 6000,
    "episodes": 256,
    "ep_len": 100,
    "seed": 0,
    "batch": 256,
    "lr": 0.0003,
    "d_model": 64,
    "n_layers": 2,
    "n_heads": 4,
    "mono_layers": 2,
    "mono_mode": "pad",
    "out": "exp/tdmpc_glass/mechcheck/gwm_simulator_PAD_s0.json"
  },
  "ret_standardization": {
    "mean": -121.08068084716797,
    "std": 75.38951110839844
  },
  "param_counts": {
    "graph_entity_wm": 117510,
    "monolithic_wm": 117254,
    "monolithic_hidden": 128,
    "monolithic_target_at_init": 117254,
    "match_ratio_mono_over_graph": 0.9978214620032337
  },
  "train_metrics": {
    "graph": {
      "loss": 0.06775079667568207,
      "q_loss": 0.016444824635982513,
      "reward_loss": 0.012808363884687424,
      "self_loss": 0.03849760815501213
    },
    "monolithic": {
      "loss": 0.1804320365190506,
      "q_loss": 0.08572910726070404,
      "reward_loss": 0.02632681466639042,
      "self_loss": 0.06837611645460129
    }
  },
  "per_n": {
    "5": {
      "n_samples": 25600,
      "frac_contact_steps": 0.062578125,
      "value_decodability_r2": {
        "graph": 0.5264937462888739,
        "monolithic": 0.437148120735,
        "raw_obs": 0.25616517327626354
      },
      "contact_conditioned_selfpred": {
        "graph": {
          "contact_step_error": 0.27435997128486633,
          "noncontact_step_error": 0.02553730644285679,
          "n_contact_steps": 1602,
          "n_noncontact_steps": 23998,
          "frac_contact_steps": 0.062578125,
          "overall_error": 0.041108161211013794
        },
        "monolithic": {
          "contact_step_error": 0.2698912024497986,
          "noncontact_step_error": 0.025155920535326004,
          "n_contact_steps": 1602,
          "n_noncontact_steps": 23998,
          "frac_contact_steps": 0.062578125,
          "overall_error": 0.040470995008945465
        }
      },
      "overall_selfpred_error": {
        "graph": 0.041108161211013794,
        "monolithic": 0.040470995008945465
      },
      "reward_r2": {
        "graph": 0.9517868097152227,
        "monolithic": 0.9683393027196446
      },
      "value_relevant_entities": [
        0,
        1,
        2
      ]
    },
    "7": {
      "n_samples": 25600,
      "frac_contact_steps": 0.108359375,
      "value_decodability_r2": {
        "graph": 0.5458104009912119,
        "monolithic": 0.3753051222489475,
        "raw_obs": 0.20128521499973273
      },
      "contact_conditioned_selfpred": {
        "graph": {
          "contact_step_error": 0.19588232040405273,
          "noncontact_step_error": 0.022356733679771423,
          "n_contact_steps": 2774,
          "n_noncontact_steps": 22826,
          "frac_contact_steps": 0.108359375,
          "overall_error": 0.04115985706448555
        },
        "monolithic": {
          "contact_step_error": 0.19300487637519836,
          "noncontact_step_error": 0.02194245159626007,
          "n_contact_steps": 2774,
          "n_noncontact_steps": 22826,
          "frac_contact_steps": 0.108359375,
          "overall_error": 0.0404786691069603
        }
      },
      "overall_selfpred_error": {
        "graph": 0.04115985706448555,
        "monolithic": 0.0404786691069603
      },
      "reward_r2": {
        "graph": 0.8638642706961169,
        "monolithic": 0.9053647764874126
      },
      "value_relevant_entities": [
        0,
        1,
        2
      ]
    },
    "9": {
      "n_samples": 25600,
      "frac_contact_steps": 0.1716015625,
      "value_decodability_r2": {
        "graph": 0.5817787533148403,
        "monolithic": 0.3922179321116479,
        "raw_obs": 0.2308606474888486
      },
      "contact_conditioned_selfpred": {
        "graph": {
          "contact_step_error": 0.14851905405521393,
          "noncontact_step_error": 0.021014079451560974,
          "n_contact_steps": 4393,
          "n_noncontact_steps": 21207,
          "frac_contact_steps": 0.1716015625,
          "overall_error": 0.042894136160612106
        },
        "monolithic": {
          "contact_step_error": 0.14629842340946198,
          "noncontact_step_error": 0.02090839110314846,
          "n_contact_steps": 4393,
          "n_noncontact_steps": 21207,
          "frac_contact_steps": 0.1716015625,
          "overall_error": 0.04242551699280739
        }
      },
      "overall_selfpred_error": {
        "graph": 0.042894136160612106,
        "monolithic": 0.04242551699280739
      },
      "reward_r2": {
        "graph": 0.7729304540796208,
        "monolithic": 0.8548112418211365
      },
      "value_relevant_entities": [
        0,
        1,
        2
      ]
    }
  },
  "verdict": {
    "gwm_simulator_go": true,
    "criteria_preregistered": "GO iff (monolithic OOD value-R2 drops >=0.15 below graph's) OR (graph contact-step error <=0.8x monolithic's). NO-GO otherwise -> graph latent redundant on contacts too.",
    "criterion_A_value_decodability": {
      "graph_ood_value_r2": 0.5637945771530262,
      "monolithic_ood_value_r2": 0.3837615271802977,
      "graph_minus_monolithic_gap": 0.18003304997272845,
      "threshold": 0.15,
      "passed": true,
      "margin_over_threshold": 0.03003304997272846
    },
    "criterion_B_contact_prediction": {
      "graph_contact_step_error": 0.27435997128486633,
      "monolithic_contact_step_error": 0.2698912024497986,
      "ratio_graph_over_mono": 1.0165576676620238,
      "threshold": 0.8,
      "passed": false,
      "margin_under_threshold": -0.21655766766202378
    },
    "interpretation": "GO: entity/graph latent beats the param-matched monolithic control on compositional-OOD value-decodability and/or contact prediction -> the GWM-as-simulator bet has mechanism support. NO-GO: graph latent is redundant on contacts too -> consistent with the campaign."
  },
  "caveats": [
    "Synthetic elastic disks are NOT real manipulation; controlled proxy only.",
    "Single seed (seed=0); no multi-seed error bars.",
    "Param-match is APPROXIMATE: monolithic flat layers grow with N, matched at N_train only; exact counts reported in param_counts."
  ],
  "wall_time_sec": 219.14256405830383
}