step,eval_type,seed,full_reward_rate,standing_rate,fall_count,time_to_first_full
50176,pi,1,0.3208,1.0000,0.0,4.4
50176,mppi,1,0.2813,1.0000,0.0,5.333333333333333
100096,pi,1,0.2922,1.0000,0.0,5.4
100096,mppi,1,0.9273,1.0000,0.0,1.6666666666666667
150016,pi,1,0.9952,1.0000,0.0,4.8
150016,mppi,1,0.9907,1.0000,0.0,9.333333333333334
200192,pi,1,0.8204,1.0000,0.0,6.6
200192,mppi,1,0.9967,1.0000,0.0,3.3333333333333335
