step,eval_type,seed,full_reward_rate,standing_rate,fall_count,time_to_first_full
50176,pi,1,0.0000,0.0000,0.0,1000.0
50176,mppi,1,0.0000,0.0000,0.0,1000.0
100096,pi,1,0.0008,0.0008,0.4,953.6
100096,mppi,1,0.0000,0.0000,0.0,1000.0
150016,pi,1,0.0000,0.0000,0.0,1000.0
150016,mppi,1,0.0040,0.0040,0.6666666666666666,736.6666666666666
