step,eval_type,seed,full_reward_rate,standing_rate,fall_count,time_to_first_full
50176,pi,0,0.3554,1.0000,0.0,5.8
50176,mppi,0,0.0930,1.0000,0.0,3.3333333333333335
100096,pi,0,0.0312,1.0000,0.0,8.0
100096,mppi,0,0.0690,1.0000,0.0,29.0
150016,pi,0,0.9994,1.0000,0.0,0.6
150016,mppi,0,0.6913,1.0000,0.0,5.666666666666667
200192,pi,0,0.7416,1.0000,0.0,3.6
200192,mppi,0,0.3140,0.9920,2.3333333333333335,6.666666666666667
