step,eval_type,seed,full_reward_rate,standing_rate,fall_count,time_to_first_full
50176,pi,1,0.0000,0.0458,11.4,1000.0
50176,mppi,1,0.0013,0.0277,5.666666666666667,600.6666666666666
