step,eval_type,seed,full_reward_rate,standing_rate,fall_count,time_to_first_full
50176,pi,4,0.0114,1.0000,0.0,0.0
50176,mppi,4,0.0833,0.9993,0.6666666666666666,0.0
100096,pi,4,0.0568,1.0000,0.0,0.0
100096,mppi,4,0.1640,0.9640,6.666666666666667,0.0
