step,eval_type,seed,full_reward_rate,standing_rate,fall_count,time_to_first_full
50176,pi,0,0.1460,1.0000,0.0,6.0
50176,mppi,0,0.4600,1.0000,0.0,3.3333333333333335
100096,pi,0,0.5922,1.0000,0.0,2.2
100096,mppi,0,0.9777,1.0000,0.0,0.0
150016,pi,0,0.9902,1.0000,0.0,0.6
150016,mppi,0,0.6850,1.0000,0.0,6.333333333333333
