step,eval_type,seed,full_reward_rate,standing_rate,fall_count,time_to_first_full
50176,pi,4,0.0000,0.0000,0.0,1000.0
50176,mppi,4,0.0000,0.0000,0.0,1000.0
100096,pi,4,0.0004,0.0004,0.2,856.4
100096,mppi,4,0.0000,0.0000,0.0,1000.0
150016,pi,4,0.0012,0.0012,0.4,661.0
150016,mppi,4,0.0020,0.0020,1.3333333333333333,484.3333333333333
