step,eval_type,seed,full_reward_rate,standing_rate,fall_count,time_to_first_full
50176,pi,3,0.7562,0.9940,2.0,0.0
50176,mppi,3,0.5633,0.9803,2.3333333333333335,0.0
100096,pi,3,0.9990,1.0000,0.0,0.0
100096,mppi,3,0.1080,1.0000,0.0,0.0
150016,pi,3,0.9956,1.0000,0.0,0.0
150016,mppi,3,0.8953,0.9980,1.3333333333333333,0.0
200192,pi,3,1.0000,1.0000,0.0,0.0
200192,mppi,3,0.9857,1.0000,0.0,0.0
