step,eval_type,seed,full_reward_rate,standing_rate,fall_count,time_to_first_full
50176,pi,0,0.4390,0.8818,2.0,0.0
50176,mppi,0,0.4267,0.9869,0.3333333333333333,0.0
100096,pi,0,0.7940,1.0000,0.0,0.0
100096,mppi,0,0.6333,0.9740,0.3333333333333333,0.0
