step,eval_type,seed,full_reward_rate,standing_rate,fall_count,time_to_first_full
50176,pi,4,0.0000,0.0000,0.0,1000.0
50176,mppi,4,0.0000,0.0000,0.0,1000.0
100096,pi,4,0.0000,0.0000,0.0,1000.0
100096,mppi,4,0.0000,0.0000,0.0,1000.0
150016,pi,4,0.0000,0.0000,0.0,1000.0
150016,mppi,4,0.0000,0.0000,0.0,1000.0
200192,pi,4,0.0000,0.0000,0.0,1000.0
200192,mppi,4,0.0023,0.0023,0.6666666666666666,521.6666666666666
