step,eval_type,seed,full_reward_rate,standing_rate,fall_count,time_to_first_full
50176,pi,5,0.0000,0.9990,0.0,1000.0
50176,mppi,5,0.0000,0.9700,0.3333333333333333,1000.0
100096,pi,5,0.0000,0.9990,0.0,1000.0
100096,mppi,5,0.0000,0.9937,0.3333333333333333,1000.0
150016,pi,5,0.0000,0.9988,0.0,1000.0
150016,mppi,5,0.0000,0.9987,0.0,1000.0
200192,pi,5,0.0000,0.9978,0.0,1000.0
200192,mppi,5,0.0000,0.9980,0.0,1000.0
