step,eval_type,seed,full_reward_rate,standing_rate,fall_count,time_to_first_full
50176,pi,1,0.0402,0.1787,4.2,763.0
50176,mppi,1,0.0017,0.0703,11.666666666666666,368.3333333333333
100096,pi,1,0.0420,0.1860,5.2,294.0
100096,mppi,1,0.0020,0.0583,9.333333333333334,352.0
