step,eval_type,seed,full_reward_rate,standing_rate,fall_count,time_to_first_full
50176,pi,0,0.2004,0.8690,11.8,0.0
50176,mppi,0,0.1557,0.8717,9.0,0.0
100096,pi,0,0.6194,0.9978,2.0,0.0
100096,mppi,0,0.6377,0.9987,0.6666666666666666,0.0
150016,pi,0,0.9986,1.0000,0.0,0.0
150016,mppi,0,0.6213,0.9853,1.6666666666666667,0.0
200192,pi,0,0.8195,1.0000,0.0,0.0
200192,mppi,0,0.7293,1.0000,0.0,0.0
250112,pi,0,0.9996,1.0000,0.0,0.0
250112,mppi,0,0.6983,1.0000,0.0,0.0
