step,eval_type,seed,full_reward_rate,standing_rate,fall_count,time_to_first_full
50176,pi,0,0.0000,0.0000,0.0,1000.0
50176,mppi,0,0.0007,0.0007,0.3333333333333333,968.6666666666666
