step,eval_type,seed,full_reward_rate,standing_rate,fall_count,time_to_first_full
50176,pi,1,0.0188,1.0000,0.0,206.8
50176,mppi,1,0.1060,1.0000,0.0,3.3333333333333335
100096,pi,1,0.6308,1.0000,0.0,5.4
100096,mppi,1,0.9910,1.0000,0.0,6.333333333333333
150016,pi,1,0.5978,1.0000,0.0,402.2
150016,mppi,1,0.0000,1.0000,0.0,1000.0
200192,pi,1,0.8654,1.0000,0.0,35.4
200192,mppi,1,0.5367,1.0000,0.0,67.66666666666667
