step,eval_type,seed,full_reward_rate,standing_rate,fall_count,time_to_first_full
50176,pi,3,0.0000,0.8014,0.6,1000.0
50176,mppi,3,0.0000,0.9560,5.0,1000.0
100096,pi,3,0.0000,0.9950,0.8,1000.0
100096,mppi,3,0.0000,0.9963,1.3333333333333333,1000.0
150016,pi,3,0.3402,0.9934,0.6,107.0
150016,mppi,3,0.1870,0.9947,1.0,716.6666666666666
200192,pi,3,0.0000,0.9918,0.8,1000.0
200192,mppi,3,0.0000,0.9803,1.0,1000.0
