step,eval_type,seed,full_reward_rate,standing_rate,fall_count,time_to_first_full
50176,pi,2,0.4282,1.0000,0.0,0.0
50176,mppi,2,0.2240,0.9490,3.3333333333333335,0.0
100096,pi,2,0.8252,1.0000,0.0,0.0
100096,mppi,2,0.6463,1.0000,0.0,0.0
150016,pi,2,0.9926,1.0000,0.0,0.0
150016,mppi,2,0.3433,0.9997,0.3333333333333333,0.0
200192,pi,2,0.9992,1.0000,0.0,0.0
200192,mppi,2,0.9680,1.0000,0.0,0.0
