step,eval_type,seed,full_reward_rate,standing_rate,fall_count,time_to_first_full
550144,pi,1,0.2790,1.0000,0.0,401.6
550144,mppi,1,0.0403,1.0000,0.0,666.6666666666666
600064,pi,1,0.4034,1.0000,0.0,203.0
600064,mppi,1,0.2227,1.0000,0.0,4.666666666666667
