step,eval_type,seed,full_reward_rate,standing_rate,fall_count,time_to_first_full
50176,pi,2,0.9868,1.0000,0.0,7.4
50176,mppi,2,0.8113,1.0000,0.0,4.333333333333333
100096,pi,2,0.0546,1.0000,0.0,7.0
100096,mppi,2,0.9840,1.0000,0.0,3.6666666666666665
150016,pi,2,0.9882,1.0000,0.0,6.2
150016,mppi,2,0.8050,1.0000,0.0,6.333333333333333
