step,eval_type,seed,full_reward_rate,standing_rate,fall_count,time_to_first_full
50176,pi,0,0.7012,1.0000,0.0,4.8
50176,mppi,0,0.2680,1.0000,0.0,11.666666666666666
100096,pi,0,0.9944,1.0000,0.0,1.8
100096,mppi,0,0.9940,1.0000,0.0,6.0
150016,pi,0,0.8228,1.0000,0.0,3.8
150016,mppi,0,0.9773,1.0000,0.0,0.0
200192,pi,0,0.9958,1.0000,0.0,4.2
200192,mppi,0,0.9940,1.0000,0.0,6.0
250112,pi,0,0.0204,1.0000,0.0,26.6
250112,mppi,0,0.1550,1.0000,0.0,29.333333333333332
